paper_id,paper_title,authors,publication_year,source_link,source_type,source_page,equation_source_page,attack_source_page,protocol_name,protocol_type,protocol_variant,participants,participant_count,trusted_third_party,cryptographic_primitives,cryptographic_parameters,original_equations,normalized_equations,message_1,message_2,message_3,message_4,message_5,complete_message_flow,message_step_count,attacker_model,attacker_identity,attacker_capabilities,attack_name,attack_category,attack_present,protocol_secure,attacker_action,attack_trace,attack_trace_structured,security_property_targeted,security_violation,scyther_model_available,scyther_model_path,scyther_verification_result,scyther_attack_trace,extraction_status,equation_status,attack_status,extraction_date,last_verified_date,verified_by,notes
paper_001,Using Encryption for Authentication in Large Networks of Computers,"Needham, R.M.; Schroeder, M.D.",1978,https://doi.org/10.1145/359657.359659,journal_article,pp. 993-999,p. 993,REQUIRES_MANUAL_VERIFICATION — confirm page within Lowe 1996 TACAS pp.147-166,Needham-Schroeder Public Key Protocol,authentication,original (vulnerable),"[""A"", ""B""]",2,false,"[""Public_Key_Encryption"", ""Nonce""]","Asymmetric encryption (generic; RSA assumed in practice). Nonces Na, Nb modelled as random bit strings. No specific key size stated in the 1978 paper.","A → B : {Na, A}Kb
B → A : {Na, Nb}Ka
A → B : {Nb}Kb","[{""step"": 1, ""sender"": ""A"", ""receiver"": ""B"", ""message"": ""{Na, A}Kb"", ""protection"": ""public_key_encryption"", ""key"": ""Kb"", ""payload"": [""Na"", ""A""], ""description"": ""A sends her nonce Na and identity A to B, encrypted under B's public key Kb. Only B can decrypt.""}, {""step"": 2, ""sender"": ""B"", ""receiver"": ""A"", ""message"": ""{Na, Nb}Ka"", ""protection"": ""public_key_encryption"", ""key"": ""Ka"", ""payload"": [""Na"", ""Nb""], ""description"": ""B responds with A's nonce Na (proving B decrypted step 1) and B's own fresh nonce Nb, encrypted under A's public key Ka.""}, {""step"": 3, ""sender"": ""A"", ""receiver"": ""B"", ""message"": ""{Nb}Kb"", ""protection"": ""public_key_encryption"", ""key"": ""Kb"", ""payload"": [""Nb""], ""description"": ""A returns B's nonce Nb encrypted under B's public key, proving A decrypted step 2. Protocol completes.""}]","A → B : {Na, A}Kb","B → A : {Na, Nb}Ka",A → B : {Nb}Kb,,,"[{""step"": 1, ""sender"": ""A"", ""receiver"": ""B"", ""message"": ""{Na, A}Kb""}, {""step"": 2, ""sender"": ""B"", ""receiver"": ""A"", ""message"": ""{Na, Nb}Ka""}, {""step"": 3, ""sender"": ""A"", ""receiver"": ""B"", ""message"": ""{Nb}Kb""}]",3,Dolev-Yao,"outsider — legitimate registered participant with own key pair (Ke, ke)","[""intercept"", ""forward"", ""impersonate""]",Lowe's MITM Attack on the Needham-Schroeder Public Key Protocol,"[""MITM"", ""Impersonation"", ""Authentication_Violation""]",1,false,"[""intercept"", ""forward"", ""impersonate""]","Step 1: A → E(B)  : {Na, A}Ke
         A initiates session with E, believing E is B. A encrypts under E's public key Ke.
Step 2: E(A) → B  : {Na, A}Kb
         E re-encrypts {Na, A} under B's public key Kb and forwards to B, impersonating A.
Step 3: B → E(A)  : {Na, Nb}Ka
         B responds to what it believes is A. E intercepts. E cannot decrypt (encrypted under Ka).
Step 4: E(B) → A  : {Na, Nb}Ka
         E forwards B's response verbatim to A, pretending to be B.
Step 5: A → E(B)  : {Nb}Ke
         A completes the run, encrypting Nb under E's key (thinking it is B's key). E decrypts and learns Nb.
Step 6: E(A) → B  : {Nb}Kb
         E re-encrypts Nb under Kb and sends to B. B accepts, believing it has authenticated A.
Outcome: B believes it completed authentication with A. A believes it completed authentication with B (=E). E is a transparent MITM and learns both Na and Nb.","[{""step"": 1, ""sender"": ""A"", ""receiver"": ""E"", ""intended_receiver"": ""B"", ""message"": ""{Na, A}Ke"", ""attacker_role"": ""receive""}, {""step"": 2, ""sender"": ""E"", ""receiver"": ""B"", ""impersonating"": ""A"", ""message"": ""{Na, A}Kb"", ""attacker_role"": ""forward""}, {""step"": 3, ""sender"": ""B"", ""receiver"": ""E"", ""intended_receiver"": ""A"", ""message"": ""{Na, Nb}Ka"", ""attacker_role"": ""intercept""}, {""step"": 4, ""sender"": ""E"", ""receiver"": ""A"", ""impersonating"": ""B"", ""message"": ""{Na, Nb}Ka"", ""attacker_role"": ""forward""}, {""step"": 5, ""sender"": ""A"", ""receiver"": ""E"", ""intended_receiver"": ""B"", ""message"": ""{Nb}Ke"", ""attacker_role"": ""receive""}, {""step"": 6, ""sender"": ""E"", ""receiver"": ""B"", ""impersonating"": ""A"", ""message"": ""{Nb}Kb"", ""attacker_role"": ""forward""}]","[""authentication"", ""entity_authentication"", ""mutual_authentication""]","B completes the protocol believing it has mutually authenticated with A. However, A was communicating with E throughout. The non-injective agreement claim at B fails: B ends a run apparently with A, but A never ran a matching session with B. E is a transparent man-in-the-middle who learns both nonces Na and Nb.",false,,NOT_RUN,,HUMAN_VERIFIED,HUMAN_VERIFIED,HUMAN_VERIFIED,2026-09-01,2026-09-01,REQUIRES_MANUAL_VERIFICATION — to be confirmed against original PDFs,"Protocol equations from Needham-Schroeder 1978 CACM p.993. Attack trace from Lowe 1996 TACAS. The exact page number of the attack trace within Lowe 1996 (pp.147-166) is marked REQUIRES_MANUAL_VERIFICATION. Lowe's fix adds B's identity to step 2: {Na, Nb, B}Ka — stored separately as paper_001b."
paper_001b,Breaking and Fixing the Needham-Schroeder Public-Key Protocol Using FDR,"Lowe, G.",1996,https://doi.org/10.1007/3-540-61042-1_43,conference_paper,pp. 147-166,REQUIRES_MANUAL_VERIFICATION — confirm page of fixed protocol within pp.147-166,N/A — this is the secure variant,Needham-Schroeder-Lowe (NSL) Protocol,authentication,Lowe-fixed (secure),"[""A"", ""B""]",2,false,"[""Public_Key_Encryption"", ""Nonce""]",Same as NSPK. Fix: B's identity added to Message 2 payload.,"A → B : {Na, A}Kb
B → A : {Na, Nb, B}Ka
A → B : {Nb}Kb","[{""step"": 1, ""sender"": ""A"", ""receiver"": ""B"", ""message"": ""{Na, A}Kb"", ""protection"": ""public_key_encryption"", ""key"": ""Kb"", ""payload"": [""Na"", ""A""], ""description"": ""Identical to original NSPK step 1.""}, {""step"": 2, ""sender"": ""B"", ""receiver"": ""A"", ""message"": ""{Na, Nb, B}Ka"", ""protection"": ""public_key_encryption"", ""key"": ""Ka"", ""payload"": [""Na"", ""Nb"", ""B""], ""description"": ""Lowe's fix: B's identity B added to the payload. A can now verify the responder's identity before completing.""}, {""step"": 3, ""sender"": ""A"", ""receiver"": ""B"", ""message"": ""{Nb}Kb"", ""protection"": ""public_key_encryption"", ""key"": ""Kb"", ""payload"": [""Nb""], ""description"": ""Same as original step 3.""}]","A → B : {Na, A}Kb","B → A : {Na, Nb, B}Ka",A → B : {Nb}Kb,,,"[{""step"": 1, ""sender"": ""A"", ""receiver"": ""B"", ""message"": ""{Na, A}Kb""}, {""step"": 2, ""sender"": ""B"", ""receiver"": ""A"", ""message"": ""{Na, Nb, B}Ka""}, {""step"": 3, ""sender"": ""A"", ""receiver"": ""B"", ""message"": ""{Nb}Kb""}]",3,Dolev-Yao,N/A — protocol is secure against the Lowe MITM,"[""intercept"", ""forward"", ""impersonate""]",None,"[""None""]",0,true,[],,[],[],"None. Lowe's fix prevents the MITM: when A receives step 2, A sees B's identity inside the decrypted payload. If E tried to relay a step-2 message from a B-session into an A-session with E, A would see B's name (not E's name) and abort.",false,,NOT_RUN,,HUMAN_VERIFIED,HUMAN_VERIFIED,HUMAN_VERIFIED,2026-09-01,2026-09-01,REQUIRES_MANUAL_VERIFICATION — confirm fixed equation page against Lowe 1996 PDF,This is the positive/secure example for the NSPK protocol family. Paired with paper_001 (the vulnerable version). Stored separately to provide an attack_present=0 row for dataset balance.
paper_002,Timestamps in Key Distribution Protocols,"Denning, D.E.; Sacco, G.M.",1981,https://doi.org/10.1145/358722.358740,journal_article,pp. 533-536,REQUIRES_MANUAL_VERIFICATION — equations for NSSK appear in Needham-Schroeder 1978 p.993; Denning-Sacco 1981 cites the protocol and demonstrates the attack,REQUIRES_MANUAL_VERIFICATION — confirm exact page of attack within Denning-Sacco 1981 pp.533-536,Needham-Schroeder Symmetric Key Protocol,authenticated_key_exchange,original (vulnerable to ticket replay),"[""A"", ""B"", ""S""]",3,true,"[""Symmetric_Encryption"", ""Nonce"", ""Session_Key"", ""Shared_Secret""]","Symmetric encryption (generic; DES assumed in practice era). K_AS = long-term key between A and server S. K_BS = long-term key between B and server S. K_AB = session key generated by S. Nonces Na (from A), Nb (from B).","A → S : A, B, Na
S → A : {Na, B, K_AB, {K_AB, A}K_BS}K_AS
A → B : {K_AB, A}K_BS
B → A : {Nb}K_AB
A → B : {Nb - 1}K_AB","[{""step"": 1, ""sender"": ""A"", ""receiver"": ""S"", ""message"": ""A, B, Na"", ""protection"": ""plaintext"", ""key"": """", ""payload"": [""A"", ""B"", ""Na""], ""description"": ""A requests a session key for communicating with B, sending both identities and a nonce Na.""}, {""step"": 2, ""sender"": ""S"", ""receiver"": ""A"", ""message"": ""{Na, B, K_AB, {K_AB, A}K_BS}K_AS"", ""protection"": ""symmetric_encryption"", ""key"": ""K_AS"", ""payload"": [""Na"", ""B"", ""K_AB"", ""{K_AB, A}K_BS""], ""description"": ""Server returns: A's nonce (freshness proof), B's name, the session key K_AB, and a ticket for B. All encrypted under A's long-term key K_AS.""}, {""step"": 3, ""sender"": ""A"", ""receiver"": ""B"", ""message"": ""{K_AB, A}K_BS"", ""protection"": ""symmetric_encryption"", ""key"": ""K_BS"", ""payload"": [""K_AB"", ""A""], ""description"": ""A forwards the ticket to B. B decrypts with K_BS and learns K_AB and A's identity.""}, {""step"": 4, ""sender"": ""B"", ""receiver"": ""A"", ""message"": ""{Nb}K_AB"", ""protection"": ""symmetric_encryption"", ""key"": ""K_AB"", ""payload"": [""Nb""], ""description"": ""B generates nonce Nb and sends a challenge to A encrypted under the session key K_AB.""}, {""step"": 5, ""sender"": ""A"", ""receiver"": ""B"", ""message"": ""{Nb - 1}K_AB"", ""protection"": ""symmetric_encryption"", ""key"": ""K_AB"", ""payload"": [""Nb - 1""], ""description"": ""A decrypts the challenge, computes Nb-1 (or f(Nb)), and responds. This proves A holds K_AB.""}]","A → S : A, B, Na","S → A : {Na, B, K_AB, {K_AB, A}K_BS}K_AS","A → B : {K_AB, A}K_BS",B → A : {Nb}K_AB,A → B : {Nb - 1}K_AB,"[{""step"": 1, ""sender"": ""A"", ""receiver"": ""S"", ""message"": ""A, B, Na""}, {""step"": 2, ""sender"": ""S"", ""receiver"": ""A"", ""message"": ""{Na, B, K_AB, {K_AB, A}K_BS}K_AS""}, {""step"": 3, ""sender"": ""A"", ""receiver"": ""B"", ""message"": ""{K_AB, A}K_BS""}, {""step"": 4, ""sender"": ""B"", ""receiver"": ""A"", ""message"": ""{Nb}K_AB""}, {""step"": 5, ""sender"": ""A"", ""receiver"": ""B"", ""message"": ""{Nb - 1}K_AB""}]",5,Dolev-Yao,outsider — has previously compromised an old session key K_AB_old,"[""intercept"", ""replay"", ""compromise_key""]",Denning-Sacco Ticket Replay Attack on NSSK,"[""Replay"", ""Authentication_Violation""]",1,false,"[""intercept"", ""replay""]","Precondition: E has stored a ticket from a previous session: {K_AB_old, A}K_BS and has since learned K_AB_old.

Step 1: E → B  : {K_AB_old, A}K_BS
         E replays the old ticket to B, pretending to be A.
Step 2: B → E  : {Nb}K_AB_old
         B sends a challenge encrypted under K_AB_old, believing it is speaking to A.
Step 3: E → B  : {Nb - 1}K_AB_old
         E decrypts the challenge using the known K_AB_old and responds correctly.
Outcome: B believes it has freshly established a session with A under session key K_AB_old. In reality, B holds a stale key that E also knows. All subsequent session traffic encrypted under K_AB_old is readable by E.","[{""step"": 1, ""sender"": ""E"", ""receiver"": ""B"", ""impersonating"": ""A"", ""message"": ""{K_AB_old, A}K_BS"", ""attacker_role"": ""replay""}, {""step"": 2, ""sender"": ""B"", ""receiver"": ""E"", ""intended_receiver"": ""A"", ""message"": ""{Nb}K_AB_old"", ""attacker_role"": ""intercept""}, {""step"": 3, ""sender"": ""E"", ""receiver"": ""B"", ""impersonating"": ""A"", ""message"": ""{Nb - 1}K_AB_old"", ""attacker_role"": ""forward""}]","[""authentication"", ""key_freshness"", ""entity_authentication""]","The ticket {K_AB, A}K_BS contains no timestamp and no nonce from B. B cannot determine whether the ticket was freshly issued by S or is being replayed from a previous session. An attacker who learns an old session key can replay its ticket to B indefinitely until B's long-term key K_BS changes.",false,,NOT_RUN,,HUMAN_VERIFIED,HUMAN_VERIFIED,HUMAN_VERIFIED,2026-09-01,2026-09-01,REQUIRES_MANUAL_VERIFICATION — confirm equation page (NSSK in NS 1978) and attack page (Denning-Sacco 1981) against original PDFs,"Protocol equations: Needham-Schroeder 1978 CACM p.993. Attack identification: Denning-Sacco 1981 CACM pp.533-536. Also discussed in BAN 1990 ACM TOCS 8(1):18-36 Section 4.4. The Nb-1 convention in step 5 may vary: some papers use f(Nb) or {Nb, 1}K_AB — confirm against original. Fix: add timestamp T to ticket to become {K_AB, A, T}K_BS (Denning-Sacco 1981 proposal)."
paper_003,A Taxonomy of Replay Attacks,"Syverson, P.F.",1994,REQUIRES_MANUAL_VERIFICATION — confirm IEEE Xplore URL for CSFW 1994,conference_paper,REQUIRES_MANUAL_VERIFICATION — pp. 187-191 (confirm against IEEE Xplore),REQUIRES_MANUAL_VERIFICATION — confirm page of protocol equations within pp.187-191,REQUIRES_MANUAL_VERIFICATION — confirm page of reflection attack trace within pp.187-191,ISO/IEC 9798-2 Style Two-Pass Mutual Authentication (Reflection-Vulnerable Variant),authentication,variant without entity identifiers in MAC (reflection-vulnerable),"[""A"", ""B""]",2,false,"[""Symmetric_Encryption"", ""Nonce"", ""Shared_Secret"", ""Challenge_Response""]",Shared symmetric key K_AB between A and B. Nonces Na (initiator's challenge) and Nb (responder's challenge). Encryption notation {M}K denotes symmetric encryption or MAC of M under key K.,"A → B : A, Na
B → A : {Na}K_AB, Nb
A → B : {Nb}K_AB","[{""step"": 1, ""sender"": ""A"", ""receiver"": ""B"", ""message"": ""A, Na"", ""protection"": ""plaintext"", ""key"": """", ""payload"": [""A"", ""Na""], ""description"": ""A sends her identity and a fresh nonce Na (challenge to B).""}, {""step"": 2, ""sender"": ""B"", ""receiver"": ""A"", ""message"": ""{Na}K_AB, Nb"", ""protection"": ""symmetric_encryption"", ""key"": ""K_AB"", ""payload"": [""{Na}K_AB"", ""Nb""], ""description"": ""B responds to A's challenge by encrypting Na under shared key K_AB, and issues its own challenge Nb. The response format is IDENTICAL for both roles — this is the vulnerability.""}, {""step"": 3, ""sender"": ""A"", ""receiver"": ""B"", ""message"": ""{Nb}K_AB"", ""protection"": ""symmetric_encryption"", ""key"": ""K_AB"", ""payload"": [""Nb""], ""description"": ""A responds to B's challenge. Protocol completes if B verifies correctly.""}]","A → B : A, Na","B → A : {Na}K_AB, Nb",A → B : {Nb}K_AB,,,"[{""step"": 1, ""sender"": ""A"", ""receiver"": ""B"", ""message"": ""A, Na""}, {""step"": 2, ""sender"": ""B"", ""receiver"": ""A"", ""message"": ""{Na}K_AB, Nb""}, {""step"": 3, ""sender"": ""A"", ""receiver"": ""B"", ""message"": ""{Nb}K_AB""}]",3,Dolev-Yao,outsider — does NOT know K_AB; exploits parallel session interleaving,"[""intercept"", ""replay"", ""reflect""]",Reflection Attack via Parallel Session,"[""Reflection"", ""Authentication_Violation""]",1,false,"[""intercept"", ""replay"", ""reflect""]","E mounts attack using TWO PARALLEL SESSIONS against B, without knowing K_AB.

--- SESSION 1 (E claims to be A, contacts B) ---
Step 1.1: E(A) → B   : A, Na
           E initiates session 1 with B, claiming to be A, presenting challenge Na.
Step 1.2: B → E(A)   : {Na}K_AB, Nb
           B responds by encrypting Na and issuing its own challenge Nb.
           E intercepts this. E cannot compute {Nb}K_AB (does not know K_AB).
           E opens a SECOND PARALLEL SESSION with B:

--- SESSION 2 (E reflects Nb back to B) ---
Step 2.1: E(A) → B   : A, Nb
           E starts session 2 with B, using Nb (B's own challenge) as the new challenge.
Step 2.2: B → E(A)   : {Nb}K_AB, Nb2
           B acts as responder in session 2, encrypts Nb under K_AB and returns it.
           This is exactly what E needs to complete session 1.

--- BACK TO SESSION 1 ---
Step 1.3: E(A) → B   : {Nb}K_AB
           E takes session-2 response and uses it to answer session-1 challenge.
           B verifies {Nb}K_AB — valid!
Outcome: B completes session 1 believing it has mutually authenticated with A. E never knew K_AB at any point. B effectively authenticated itself to itself, reflected by E. A was never involved.","[{""session"": 1, ""step"": 1, ""sender"": ""E"", ""receiver"": ""B"", ""impersonating"": ""A"", ""message"": ""A, Na"", ""attacker_role"": ""impersonate""}, {""session"": 1, ""step"": 2, ""sender"": ""B"", ""receiver"": ""E"", ""intended_receiver"": ""A"", ""message"": ""{Na}K_AB, Nb"", ""attacker_role"": ""intercept""}, {""session"": 2, ""step"": 1, ""sender"": ""E"", ""receiver"": ""B"", ""impersonating"": ""A"", ""message"": ""A, Nb"", ""attacker_role"": ""reflect""}, {""session"": 2, ""step"": 2, ""sender"": ""B"", ""receiver"": ""E"", ""intended_receiver"": ""A"", ""message"": ""{Nb}K_AB, Nb2"", ""attacker_role"": ""receive""}, {""session"": 1, ""step"": 3, ""sender"": ""E"", ""receiver"": ""B"", ""impersonating"": ""A"", ""message"": ""{Nb}K_AB"", ""attacker_role"": ""replay""}]","[""authentication"", ""mutual_authentication"", ""entity_authentication""]","B believes it has mutually authenticated with A, but A was never involved. The vulnerability arises because the response format {Nx}K_AB is identical regardless of which role (initiator or responder) produces it — the key K_AB is used in both directions without role binding. B cannot distinguish its own encrypted response (from session 2) from a response produced by A.",false,,NOT_RUN,,HUMAN_VERIFIED,REQUIRES_REVIEW,HUMAN_VERIFIED,2026-09-01,2026-09-01,REQUIRES_MANUAL_VERIFICATION — equations use standard ISO 9798-2 style but must be confirmed against Syverson 1994 exact notation,"equation_status = REQUIRES_REVIEW because Syverson 1994 must be accessed via IEEE Xplore to confirm exact notation. The attack mechanism is universally established in the literature. Secondary source: Bird et al. 1993 IEEE JSAC. Fix: include entity identifiers inside the MAC/encryption, e.g. step 2 becomes {Na || A || B}K_AB to provide role differentiation."
paper_004,Unknown Key-Share Attacks on the Station-to-Station (STS) Protocol,"Blake-Wilson, S.; Menezes, A.",1999,https://doi.org/10.1007/3-540-49162-7_12,conference_paper,REQUIRES_MANUAL_VERIFICATION — pp. 154-170 (confirm against LNCS 1560),REQUIRES_MANUAL_VERIFICATION — confirm page of STS equations within pp.154-170,REQUIRES_MANUAL_VERIFICATION — confirm page of UKS attack trace within pp.154-170,Station-to-Station (STS) Protocol,authenticated_key_exchange,STS-full with certificates,"[""A"", ""B"", ""E""]",3,false,"[""Diffie-Hellman"", ""Digital_Signature"", ""Certificate"", ""Symmetric_Encryption"", ""Session_Key""]","Finite-field DH: group generator g, prime p. x = A's ephemeral private exponent, y = B's ephemeral private exponent (both secret, fresh per session). Session key K = g^(xy) mod p. sig_A(m) = A's digital signature on m. Cert_A = certificate binding A's identity to A's long-term public key pk_A. {m}K = symmetric encryption of m under session key K.","A → B : g^x
B → A : g^y, Cert_B, {sig_B(g^y || g^x)}K
A → B : Cert_A, {sig_A(g^x || g^y)}K","[{""step"": 1, ""sender"": ""A"", ""receiver"": ""B"", ""message"": ""g^x"", ""protection"": ""plaintext"", ""key"": """", ""payload"": [""g^x""], ""description"": ""A sends ephemeral DH public key g^x. No authentication yet.""}, {""step"": 2, ""sender"": ""B"", ""receiver"": ""A"", ""message"": ""g^y, Cert_B, {sig_B(g^y || g^x)}K"", ""protection"": ""symmetric_encryption"", ""key"": ""K"", ""payload"": [""g^y"", ""Cert_B"", ""{sig_B(g^y || g^x)}K""], ""description"": ""B sends ephemeral DH key g^y, B's certificate, and a signature over both DH values encrypted under the derived session key K=g^(xy). Session key K is computable by both parties at this point. The signature covers ONLY the DH values, NOT B's identity — this is the UKS vulnerability.""}, {""step"": 3, ""sender"": ""A"", ""receiver"": ""B"", ""message"": ""Cert_A, {sig_A(g^x || g^y)}K"", ""protection"": ""symmetric_encryption"", ""key"": ""K"", ""payload"": [""Cert_A"", ""{sig_A(g^x || g^y)}K""], ""description"": ""A sends her certificate and signature over both DH values encrypted under K. Same vulnerability: signature does not include intended peer identity.""}]",A → B : g^x,"B → A : g^y, Cert_B, {sig_B(g^y || g^x)}K","A → B : Cert_A, {sig_A(g^x || g^y)}K",,,"[{""step"": 1, ""sender"": ""A"", ""receiver"": ""B"", ""message"": ""g^x""}, {""step"": 2, ""sender"": ""B"", ""receiver"": ""A"", ""message"": ""g^y, Cert_B, {sig_B(g^y || g^x)}K""}, {""step"": 3, ""sender"": ""A"", ""receiver"": ""B"", ""message"": ""Cert_A, {sig_A(g^x || g^y)}K""}]",3,Dolev-Yao,"legitimate registered principal — E has a valid certificate Cert_E and key pair (sk_E, pk_E) issued by the same CA","[""intercept"", ""modify"", ""impersonate""]",Blake-Wilson–Menezes UKS Attack on STS,"[""UKS""]",1,false,"[""intercept"", ""modify"", ""impersonate""]","Precondition: E is a legitimate registered participant with valid certificate Cert_E. E does NOT break DH or forge signatures.

Step 1: A → E(B)  : g^x
         A sends DH half to B; E intercepts.
Step 2: E(A) → B  : g^x
         E forwards g^x to B unchanged, pretending to be A.
Step 3: B → E(A)  : g^y, Cert_B, {sig_B(g^y || g^x)}K
         B responds, believing A sent g^x. K = g^(xy). E intercepts.
         E can compute K = g^(xy) since E sees both g^x and g^y.
Step 4: E(B) → A  : g^y, Cert_E, {sig_E(g^y || g^x)}K
         E substitutes Cert_B with Cert_E and re-signs with E's own key sk_E.
         This is valid: E can form {sig_E(g^y||g^x)}K using K (E can compute K) and sk_E.
Step 5: A receives step 4, verifies sig_E(g^y||g^x) against pk_E in Cert_E. VALID.
         A's session key: K = g^(xy). A believes: 'I completed STS with E.'
Step 6: A → E(B)  : Cert_A, {sig_A(g^x || g^y)}K
         A completes the protocol believing her peer is E.
Step 7: E(A) → B  : Cert_A, {sig_A(g^x || g^y)}K
         E forwards A's message to B unchanged.
Step 8: B verifies sig_A(g^x||g^y) against pk_A in Cert_A. VALID.
         B's session key: K = g^(xy). B believes: 'I completed STS with A.'

Final state:
  A believes she shares K with E  (WRONG — she intended B)
  B believes he shares K with A   (CORRECT from B's view)
  E knows K (computed it) but is not the intended session peer of either party.
  Key K itself is NOT compromised in the secrecy sense — this is entirely an identity confusion attack.","[{""step"": 1, ""sender"": ""A"", ""receiver"": ""E"", ""intended_receiver"": ""B"", ""message"": ""g^x"", ""attacker_role"": ""intercept""}, {""step"": 2, ""sender"": ""E"", ""receiver"": ""B"", ""impersonating"": ""A"", ""message"": ""g^x"", ""attacker_role"": ""forward""}, {""step"": 3, ""sender"": ""B"", ""receiver"": ""E"", ""intended_receiver"": ""A"", ""message"": ""g^y, Cert_B, {sig_B(g^y || g^x)}K"", ""attacker_role"": ""intercept""}, {""step"": 4, ""sender"": ""E"", ""receiver"": ""A"", ""impersonating"": ""B"", ""message"": ""g^y, Cert_E, {sig_E(g^y || g^x)}K"", ""attacker_role"": ""modify_and_forward""}, {""step"": 5, ""sender"": ""A"", ""receiver"": ""E"", ""intended_receiver"": ""B"", ""message"": ""Cert_A, {sig_A(g^x || g^y)}K"", ""attacker_role"": ""intercept""}, {""step"": 6, ""sender"": ""E"", ""receiver"": ""B"", ""impersonating"": ""A"", ""message"": ""Cert_A, {sig_A(g^x || g^y)}K"", ""attacker_role"": ""forward""}]","[""key_establishment"", ""mutual_authentication"", ""authentication""]",A and B derive the same session key K but hold different beliefs about partner identity. A believes her session partner is E; B believes his session partner is A. Neither party detects the discrepancy. This is the defining UKS property: both parties share a key but disagree on who the other party is. The key K is not exposed to any unintended party in the secrecy sense — the attack is purely about wrong identity belief.,false,,NOT_RUN,,HUMAN_VERIFIED,REQUIRES_REVIEW,HUMAN_VERIFIED,2026-09-01,2026-09-01,REQUIRES_MANUAL_VERIFICATION — confirm STS equation notation and attack trace page numbers against Blake-Wilson & Menezes 1999 LNCS 1560 PDF,equation_status = REQUIRES_REVIEW because the exact notation in Blake-Wilson & Menezes 1999 (ordering of g^y||g^x vs g^x||g^y in signatures) needs to be confirmed from the PDF. The attack mechanism is unambiguous. Fix: include intended peer identity in signed data — e.g. sig_B(g^y || g^x || A) and sig_A(g^x || g^y || B).
paper_005,Key Agreement Protocols and their Security Analysis,"Blake-Wilson, S.; Johnson, D.; Menezes, A.",1997,https://doi.org/10.1007/BFb0024447,conference_paper,pp. 30-45,REQUIRES_MANUAL_VERIFICATION — pp. 33-34 (confirm against LNCS 1355 PDF),REQUIRES_MANUAL_VERIFICATION — pp. 34-35 (confirm against LNCS 1355 PDF),MQV (Menezes-Qu-Vanstone) Key Agreement Protocol,authenticated_key_exchange,2-message ephemeral+static DH (implicit signature),"[""A"", ""B""]",2,false,"[""Diffie-Hellman"", ""Hash"", ""Session_Key"", ""Shared_Secret""]","Cyclic group G of prime order q, generator g. A's long-term keypair: static private key a, public key A_pub = g^a. B's long-term keypair: static private key b, public key B_pub = g^b. A's ephemeral keypair: private x, public X = g^x. B's ephemeral keypair: private y, public Y = g^y. h(P) = lower ceil(log2(q)/2) bits of P (MQV truncation). Session key K = H((Y * B_pub^h(Y))^(x + h(X)*a) mod q).","A → B : X = g^x
B → A : Y = g^y
K = H( (Y * B^h(Y))^(x + h(X)*a) mod q )","[{""step"": 1, ""sender"": ""A"", ""receiver"": ""B"", ""message"": ""X"", ""protection"": ""plaintext"", ""key"": """", ""payload"": [""X""], ""description"": ""A sends ephemeral DH public key X = g^x.""}, {""step"": 2, ""sender"": ""B"", ""receiver"": ""A"", ""message"": ""Y"", ""protection"": ""plaintext"", ""key"": """", ""payload"": [""Y""], ""description"": ""B sends ephemeral DH public key Y = g^y.""}, {""step"": ""key_derivation"", ""sender"": ""both"", ""receiver"": ""both"", ""message"": ""K = H((Y * B^h(Y))^(x + h(X)*a) mod q)"", ""protection"": ""implicit_signature"", ""key"": ""long-term static keys a and b"", ""payload"": [""Y"", ""B_pub"", ""h(Y)"", ""x"", ""h(X)"", ""a""], ""description"": ""Both parties independently compute the session key K. The exponent (x + h(X)*a) is the MQV implicit signature — it mixes A's ephemeral and static private keys. This is the KCI-vulnerable component: knowing a allows computing s_A for any observed (X, Y).""}]",A → B : X,B → A : Y,,,,"[{""step"": 1, ""sender"": ""A"", ""receiver"": ""B"", ""message"": ""X = g^x""}, {""step"": 2, ""sender"": ""B"", ""receiver"": ""A"", ""message"": ""Y = g^y""}]",2,Dolev-Yao,insider — E has compromised A's long-term private key a,"[""impersonate"", ""compromise_key"", ""compute""]",KCI Attack on MQV: Impersonation via Compromised Long-Term Key,"[""KCI"", ""Impersonation""]",1,false,"[""impersonate"", ""compromise_key"", ""compute""]","Precondition: E has obtained A's long-term private key a (compromise event). Goal: impersonate any party B to A.

Step 1: E chooses ephemeral private key x_E, computes X_E = g^x_E.
         E → A : X_E   (E initiates to A, claiming to be B)

Step 2: A → E : Y_A = g^y_A
         A responds with her ephemeral key, believing E is B.

Step 3: E computes A's key material:
         E knows: a (compromised), Y_A (received), X_E (chose it), B_pub = g^b (public)
         A computes: K_A = H( (X_E * A_pub^h(X_E))^(y_A + h(Y_A)*a) )
         E computes the implicit signature: s = y_A + h(Y_A)*a  — E knows a and observes Y_A
         Wait — E does not know y_A (A's ephemeral private key).

         CORRECT FORMULATION (as in Blake-Wilson et al.):
         E initiates by choosing X_E and picks x_E such that E can compute
         K = H( (Y_A * A_pub^h(Y_A))^(x_E + h(X_E)*a) )
         Because E knows a and chose x_E, E can compute:
         s_E = x_E + h(X_E)*a  mod q
         K_E = H( (Y_A * A_pub^h(Y_A))^s_E )
         A computes:
         K_A = H( (X_E * B_pub^h(X_E))^(y_A + h(Y_A)*a) )
         These are equal when B_pub is substituted with A_pub — the attack applies when
         E impersonates B to A and A has A_pub in the computation (known).

Simpler static-DH KCI formulation (also in Blake-Wilson et al.):
         Static DH: K = H(B_pub^a) = H(g^(ab))
         E knows a and B_pub = g^b (public).
Step 1: E computes K = H( (g^b)^a ) = H( g^(ab) )
         This is exactly what A computes.
Step 2: A believes K is shared exclusively with B.
         E holds K without B's knowledge or involvement.
Outcome: A's long-term key compromise allows E to compute any session key A would derive with any party B, simply by using A's compromised key a and B's public key.","[{""step"": 1, ""sender"": ""E"", ""receiver"": ""A"", ""impersonating"": ""B"", ""message"": ""X_E = g^x_E"", ""attacker_role"": ""impersonate"", ""note"": ""E sends ephemeral key to A, claiming to be B""}, {""step"": 2, ""sender"": ""A"", ""receiver"": ""E"", ""intended_receiver"": ""B"", ""message"": ""Y_A = g^y_A"", ""attacker_role"": ""receive""}, {""step"": 3, ""sender"": ""E"", ""receiver"": ""none"", ""message"": ""K = H((Y_A * A_pub^h(Y_A))^(x_E + h(X_E)*a))"", ""attacker_role"": ""compute"", ""note"": ""E computes session key using compromised a""}]","[""authentication"", ""entity_authentication"", ""key_establishment""]","If A's long-term private key a is compromised, an adversary can impersonate ANY party B to A. The session key derivation uses A's own private key a in the exponent (implicit signature s_A = x + h(X)*a), so an attacker knowing a can derive the same session key A would compute for any chosen B — without knowing B's private key b. KCI resistance is the property that compromise of A's key should NOT allow impersonation of other parties TO A. MQV violates this property.",false,,NOT_RUN,,HUMAN_VERIFIED,REQUIRES_REVIEW,HUMAN_VERIFIED,2026-09-01,2026-09-01,REQUIRES_MANUAL_VERIFICATION — confirm MQV equations and KCI attack page numbers against Blake-Wilson et al. 1997 LNCS 1355 PDF,"equation_status = REQUIRES_REVIEW because MQV notation (exact definition of h(P), whether implicit signature formula is x+h(X)*a or has variants) must be confirmed from the original paper. The KCI concept and MQV's failure to satisfy it are well-established. Disambiguation: Kaliski 2001 ACM TISSEC describes a UKS attack on MQV (different from this KCI attack). HMQV (Krawczyk 2005) was designed to fix the KCI vulnerability while preserving efficiency."
paper_006,A Logic of Authentication,"Burrows, M.; Abadi, M.; Needham, R.M.",1990,https://doi.org/10.1145/77648.77649,journal_article,pp. 18-36,REQUIRES_MANUAL_VERIFICATION — Section 2.1 of the paper,REQUIRES_MANUAL_VERIFICATION — Section 4.1 of the paper,Wide-Mouthed Frog Protocol,session_establishment,original (replay vulnerable),"[""A"", ""B"", ""S""]",3,true,"[""Symmetric_Encryption"", ""Timestamp"", ""Session_Key"", ""Shared_Secret""]",K_AS = long-term symmetric key between A and S. K_BS = long-term symmetric key between B and S. K_AB = session key chosen by A. T_A = timestamp generated by A. T_S = timestamp generated by S.,"A → S : A, {T_A, B, K_AB}K_AS
S → B : {T_S, A, K_AB}K_BS","[{""step"": 1, ""sender"": ""A"", ""receiver"": ""S"", ""message"": ""A, {T_A, B, K_AB}K_AS"", ""protection"": ""symmetric_encryption"", ""key"": ""K_AS"", ""payload"": [""T_A"", ""B"", ""K_AB""], ""description"": ""A sends its identity in plaintext and an encrypted blob to S containing A's timestamp, B's identity, and the session key K_AB chosen by A.""}, {""step"": 2, ""sender"": ""S"", ""receiver"": ""B"", ""message"": ""{T_S, A, K_AB}K_BS"", ""protection"": ""symmetric_encryption"", ""key"": ""K_BS"", ""payload"": [""T_S"", ""A"", ""K_AB""], ""description"": ""S decrypts, checks T_A for freshness, then forwards the session key to B encrypted under K_BS with S's own timestamp T_S.""}]","A → S : A, {T_A, B, K_AB}K_AS","S → B : {T_S, A, K_AB}K_BS",,,,"[{""step"": 1, ""sender"": ""A"", ""receiver"": ""S"", ""message"": ""A, {T_A, B, K_AB}K_AS""}, {""step"": 2, ""sender"": ""S"", ""receiver"": ""B"", ""message"": ""{T_S, A, K_AB}K_BS""}]",2,Dolev-Yao,outsider,"[""intercept"", ""replay""]",BAN Replay Attack on Wide-Mouthed Frog (Section 4.1),"[""Replay"", ""Authentication_Violation""]",1,false,"[""intercept"", ""replay""]","Precondition: E has intercepted a previous step-2 message: {T_S_old, A, K_AB_old}K_BS

Step 1: E → B : {T_S_old, A, K_AB_old}K_BS
         E replays the old message-2 directly to B.
         If the timestamp T_S_old is within the acceptable clock window, B decrypts and accepts K_AB_old as a current session key.
Outcome: B believes it has received a fresh session key K_AB from A via S. In reality, K_AB_old is stale and potentially compromised.","[{""step"": 1, ""sender"": ""E"", ""receiver"": ""B"", ""impersonating"": ""S"", ""message"": ""{T_S_old, A, K_AB_old}K_BS"", ""attacker_role"": ""replay"", ""note"": ""Replay of old step-2 message within clock skew window""}]","[""key_freshness"", ""authentication""]","B has no mechanism to distinguish a freshly-issued key certificate from a replayed one. The timestamp T_S was set by S when the key was originally generated, not when the message was delivered to B. An attacker who records the message can replay it within the timestamp validity window. BAN logic analysis shows B cannot conclude K_AB is fresh.",false,,NOT_RUN,,HUMAN_VERIFIED,HUMAN_VERIFIED,HUMAN_VERIFIED,2026-09-08,2026-09-08,REQUIRES_MANUAL_VERIFICATION — confirm Section 2.1 equation notation and Section 4.1 attack page against original ACM TOCS paper,The Wide-Mouthed Frog protocol is described in BAN 1990 as the simplest interesting protocol they know that uses a trusted server. The replay attack is identified in Section 4.1. Fix: include B's nonce in the request so the server's response is demonstrably fresh.
paper_007,Efficient and Timely Mutual Authentication,"Otway, D.; Rees, O.",1987,https://doi.org/10.1145/24592.24594,journal_article,pp. 8-10,REQUIRES_MANUAL_VERIFICATION — p. 8 of the paper,REQUIRES_MANUAL_VERIFICATION — BAN 1990 Section 4.2,Otway-Rees Protocol,authenticated_key_exchange,original (replay vulnerable),"[""A"", ""B"", ""S""]",3,true,"[""Symmetric_Encryption"", ""Nonce"", ""Session_Key"", ""Shared_Secret""]","I = conversation identifier (integer). K_AS = long-term key between A and S. K_BS = long-term key between B and S. K_AB = session key generated by S. Na, Nb = nonces from A and B.","A → B   : I, A, B, {Na, I, A, B}K_AS
B → S   : I, A, B, {Na, I, A, B}K_AS, {Nb, I, A, B}K_BS
S → B   : I, {Na, K_AB}K_AS, {Nb, K_AB}K_BS
B → A   : I, {Na, K_AB}K_AS","[{""step"": 1, ""sender"": ""A"", ""receiver"": ""B"", ""message"": ""I, A, B, {Na, I, A, B}K_AS"", ""protection"": ""symmetric_encryption"", ""key"": ""K_AS"", ""payload"": [""I"", ""A"", ""B"", ""Na""], ""description"": ""A sends conversation ID I, identities, and an encrypted nonce blob to B.""}, {""step"": 2, ""sender"": ""B"", ""receiver"": ""S"", ""message"": ""I, A, B, {Na, I, A, B}K_AS, {Nb, I, A, B}K_BS"", ""protection"": ""symmetric_encryption"", ""key"": ""K_BS"", ""payload"": [""I"", ""A"", ""B"", ""Na"", ""Nb""], ""description"": ""B forwards A's blob to S and adds its own nonce blob.""}, {""step"": 3, ""sender"": ""S"", ""receiver"": ""B"", ""message"": ""I, {Na, K_AB}K_AS, {Nb, K_AB}K_BS"", ""protection"": ""symmetric_encryption"", ""key"": ""K_BS"", ""payload"": [""I"", ""Na"", ""K_AB"", ""Nb""], ""description"": ""S generates K_AB, sends encrypted key to both parties.""}, {""step"": 4, ""sender"": ""B"", ""receiver"": ""A"", ""message"": ""I, {Na, K_AB}K_AS"", ""protection"": ""symmetric_encryption"", ""key"": ""K_AS"", ""payload"": [""I"", ""Na"", ""K_AB""], ""description"": ""B forwards A's portion. A decrypts and recovers K_AB.""}]","A → B : I, A, B, {Na, I, A, B}K_AS","B → S : I, A, B, {Na, I, A, B}K_AS, {Nb, I, A, B}K_BS","S → B : I, {Na, K_AB}K_AS, {Nb, K_AB}K_BS","B → A : I, {Na, K_AB}K_AS",,"[{""step"": 1, ""sender"": ""A"", ""receiver"": ""B"", ""message"": ""I, A, B, {Na, I, A, B}K_AS""}, {""step"": 2, ""sender"": ""B"", ""receiver"": ""S"", ""message"": ""I, A, B, {Na, I, A, B}K_AS, {Nb, I, A, B}K_BS""}, {""step"": 3, ""sender"": ""S"", ""receiver"": ""B"", ""message"": ""I, {Na, K_AB}K_AS, {Nb, K_AB}K_BS""}, {""step"": 4, ""sender"": ""B"", ""receiver"": ""A"", ""message"": ""I, {Na, K_AB}K_AS""}]",4,Dolev-Yao,outsider,"[""intercept"", ""replay"", ""modify""]",Replay Attack on Otway-Rees (BAN 1990 Analysis),"[""Replay"", ""Authentication_Violation""]",1,false,"[""intercept"", ""replay""]","Precondition: E has recorded a previous step-4 message: {Na_old, K_AB_old}K_AS

Step 1: E → A : I, {Na_old, K_AB_old}K_AS
         E replays the old step-4 message to A with the same conversation ID I.
         A decrypts and recovers Na_old which matches what A sent in the original session.
         A accepts K_AB_old as the current session key.
Outcome: A uses a stale session key K_AB_old that E may know.","[{""step"": 1, ""sender"": ""E"", ""receiver"": ""A"", ""impersonating"": ""B"", ""message"": ""I, {Na_old, K_AB_old}K_AS"", ""attacker_role"": ""replay""}]","[""key_freshness"", ""authentication""]",The conversation identifier I and nonce Na alone do not prevent replay of step-4 from a previous session. A has no way to verify that the session key K_AB was freshly generated by S for the current session. BAN analysis shows A cannot conclude K_AB is fresh.,false,,NOT_RUN,,HUMAN_VERIFIED,HUMAN_VERIFIED,HUMAN_VERIFIED,2026-09-08,2026-09-08,REQUIRES_MANUAL_VERIFICATION — confirm exact equation notation from original SIGOPS 1987 paper p.8,Original protocol from Otway-Rees 1987. Replay vulnerability identified in BAN 1990 Section 4.2. The protocol has multiple described vulnerabilities; the replay of step 4 is the most cited. A corrected version by Mao and Boyd (1993) adds a server-freshness nonce.
paper_008,A Lesson on Authentication Protocol Design,"Woo, T.Y.C.; Lam, S.S.",1994,https://doi.org/10.1145/191525.191537,journal_article,pp. 24-37,REQUIRES_MANUAL_VERIFICATION — protocol variants defined across pp. 24-30,REQUIRES_MANUAL_VERIFICATION — attacks identified pp. 28-33,Woo-Lam One-Way Authentication Protocol (Protocol 5),authentication,Protocol 5 — vulnerable to MITM/impersonation,"[""A"", ""B"", ""S""]",3,true,"[""Symmetric_Encryption"", ""Nonce"", ""Shared_Secret""]",K_AS = long-term symmetric key between A and S. K_BS = long-term symmetric key between B and S. Nb = nonce generated by B.,"A → B   : A
B → A   : Nb
A → B   : {Nb}K_AS
B → S   : {A, {Nb}K_AS}K_BS
S → B   : {Nb}K_BS","[{""step"": 1, ""sender"": ""A"", ""receiver"": ""B"", ""message"": ""A"", ""protection"": ""plaintext"", ""key"": """", ""payload"": [""A""], ""description"": ""A announces its identity.""}, {""step"": 2, ""sender"": ""B"", ""receiver"": ""A"", ""message"": ""Nb"", ""protection"": ""plaintext"", ""key"": """", ""payload"": [""Nb""], ""description"": ""B sends a fresh nonce Nb as a challenge.""}, {""step"": 3, ""sender"": ""A"", ""receiver"": ""B"", ""message"": ""{Nb}K_AS"", ""protection"": ""symmetric_encryption"", ""key"": ""K_AS"", ""payload"": [""Nb""], ""description"": ""A encrypts B's challenge under A's key with S.""}, {""step"": 4, ""sender"": ""B"", ""receiver"": ""S"", ""message"": ""{A, {Nb}K_AS}K_BS"", ""protection"": ""symmetric_encryption"", ""key"": ""K_BS"", ""payload"": [""A"", ""{Nb}K_AS""], ""description"": ""B forwards A's response to S for verification.""}, {""step"": 5, ""sender"": ""S"", ""receiver"": ""B"", ""message"": ""{Nb}K_BS"", ""protection"": ""symmetric_encryption"", ""key"": ""K_BS"", ""payload"": [""Nb""], ""description"": ""S decrypts step 3, re-encrypts Nb under K_BS and returns to B.""}]",A → B : A,B → A : Nb,A → B : {Nb}K_AS,"B → S : {A, {Nb}K_AS}K_BS",S → B : {Nb}K_BS,"[{""step"": 1, ""sender"": ""A"", ""receiver"": ""B"", ""message"": ""A""}, {""step"": 2, ""sender"": ""B"", ""receiver"": ""A"", ""message"": ""Nb""}, {""step"": 3, ""sender"": ""A"", ""receiver"": ""B"", ""message"": ""{Nb}K_AS""}, {""step"": 4, ""sender"": ""B"", ""receiver"": ""S"", ""message"": ""{A, {Nb}K_AS}K_BS""}, {""step"": 5, ""sender"": ""S"", ""receiver"": ""B"", ""message"": ""{Nb}K_BS""}]",5,Dolev-Yao,outsider,"[""intercept"", ""forward"", ""impersonate"", ""replay""]",MITM Impersonation Attack on Woo-Lam Protocol 5,"[""MITM"", ""Impersonation"", ""Authentication_Violation""]",1,false,"[""intercept"", ""impersonate"", ""forward""]","E wants to impersonate A to B without knowing K_AS.

Step 1: E(A) → B   : A
         E claims to be A.
Step 2: B → E(A)   : Nb
         B issues challenge Nb to what it believes is A.
Step 3: E opens a SEPARATE session with B as itself:
         E → B     : E
Step 4: B → E      : Nb2 (fresh challenge for E's session)
Step 5: E uses its OWN key K_ES to respond to B's challenge to E:
         E → B     : {Nb2}K_ES  (valid response in E's session)

CRITICAL STEP: E intercepts B's step-4 message to S in E's session.
  B → S : {E, {Nb2}K_ES}K_BS
  E replaces E with A and {Nb2}K_ES with {Nb}K_AS (from A's session):
  E(B) → S : {A, {Nb}K_AS}K_BS  (substituted)

S responds: {Nb}K_BS — which B accepts as confirming A's identity.
Outcome: B believes it has authenticated A, but A never responded to Nb directly.","[{""step"": 1, ""sender"": ""E"", ""receiver"": ""B"", ""impersonating"": ""A"", ""message"": ""A"", ""attacker_role"": ""impersonate""}, {""step"": 2, ""sender"": ""B"", ""receiver"": ""E"", ""message"": ""Nb"", ""attacker_role"": ""intercept""}, {""step"": 3, ""sender"": ""E"", ""receiver"": ""B"", ""message"": ""E"", ""attacker_role"": ""open_parallel_session""}, {""step"": 4, ""sender"": ""B"", ""receiver"": ""E"", ""message"": ""Nb2"", ""attacker_role"": ""receive""}, {""step"": 5, ""sender"": ""E"", ""receiver"": ""S"", ""impersonating"": ""B"", ""message"": ""{A, {Nb}K_AS}K_BS"", ""attacker_role"": ""forward_modified""}]","[""authentication"", ""entity_authentication"", ""mutual_authentication""]","The server S confirms that some entity knowing K_AS encrypted Nb, but B does not verify that this entity is actually A in the current session. The step-5 confirmation {Nb}K_BS proves only that S decrypted a valid K_AS-encrypted blob — it does not prove that A generated it for this specific session with B.",false,,NOT_RUN,,HUMAN_VERIFIED,HUMAN_VERIFIED,HUMAN_VERIFIED,2026-09-08,2026-09-08,REQUIRES_MANUAL_VERIFICATION — confirm Protocol 5 equation notation and attack trace page numbers against original SIGOPS 1994 paper,Multiple protocol variants appear in the 1994 paper. Protocol 5 is the one with the MITM attack described here. The 1992 IEEE Computer paper (DOI:10.1109/2.84880) is the original presentation; the 1994 SIGOPS paper contains the self-identified attack analysis. The MITM attack requires the attacker to hold a legitimate account with the server.
paper_009,On the Security of Public Key Protocols,"Dolev, D.; Yao, A.C.",1983,https://doi.org/10.1109/TIT.1983.1056650,journal_article,pp. 198-208,"REQUIRES_MANUAL_VERIFICATION — illustrative protocol example, confirm page in IEEE TIT paper","REQUIRES_MANUAL_VERIFICATION — MITM demonstration, confirm page in IEEE TIT paper",Abstract Public Key Protocol (Dolev-Yao Illustrative Example),key_exchange,minimal two-message PKE — MITM vulnerable,"[""A"", ""B""]",2,false,"[""Public_Key_Encryption"", ""Nonce"", ""Session_Key""]","Ka, Kb = public keys of A and B. K = session key proposed by A. The protocol is a minimal illustration; no specific algorithm mandated.","A → B : {K, A}Kb
B → A : {K}K","[{""step"": 1, ""sender"": ""A"", ""receiver"": ""B"", ""message"": ""{K, A}Kb"", ""protection"": ""public_key_encryption"", ""key"": ""Kb"", ""payload"": [""K"", ""A""], ""description"": ""A proposes session key K, encrypted under B's public key with A's identity.""}, {""step"": 2, ""sender"": ""B"", ""receiver"": ""A"", ""message"": ""{K}K"", ""protection"": ""symmetric_encryption"", ""key"": ""K"", ""payload"": [""K""], ""description"": ""B acknowledges by sending K encrypted under K itself (confirmation token).""}]","A → B : {K, A}Kb",B → A : {K}K,,,,"[{""step"": 1, ""sender"": ""A"", ""receiver"": ""B"", ""message"": ""{K, A}Kb""}, {""step"": 2, ""sender"": ""B"", ""receiver"": ""A"", ""message"": ""{K}K""}]",2,Dolev-Yao,outsider — controls entire network,"[""intercept"", ""modify"", ""forward"", ""impersonate"", ""compute""]",Dolev-Yao MITM on Abstract Public Key Protocol,"[""MITM"", ""Impersonation"", ""Secrecy_Violation""]",1,false,"[""intercept"", ""impersonate"", ""forward""]","Step 1: A → E(B)  : {K, A}Ke  (A sends to E thinking it is B; A uses E's public key)
         E intercepts and decrypts using Ke to learn K.
Step 2: E(A) → B  : {K, A}Kb  (E re-encrypts and forwards to B)
         B decrypts and learns K, believes it is from A.
Step 3: B → E(A)  : {K}K
         E intercepts the confirmation.
Step 4: E(B) → A  : {K}K  (E forwards to A)
Outcome: E knows K. A and B both use K but E has learned the session key K.","[{""step"": 1, ""sender"": ""A"", ""receiver"": ""E"", ""intended_receiver"": ""B"", ""message"": ""{K, A}Ke"", ""attacker_role"": ""receive""}, {""step"": 2, ""sender"": ""E"", ""receiver"": ""B"", ""impersonating"": ""A"", ""message"": ""{K, A}Kb"", ""attacker_role"": ""forward""}, {""step"": 3, ""sender"": ""B"", ""receiver"": ""E"", ""intended_receiver"": ""A"", ""message"": ""{K}K"", ""attacker_role"": ""intercept""}, {""step"": 4, ""sender"": ""E"", ""receiver"": ""A"", ""impersonating"": ""B"", ""message"": ""{K}K"", ""attacker_role"": ""forward""}]","[""secrecy"", ""authentication"", ""key_establishment""]","The attacker learns the session key K because A is not guaranteed to be using B's authentic public key. Without a public key infrastructure or certificate binding, A may use E's key instead. The paper demonstrates that for a class of public-key protocols, perfect secrecy cannot be guaranteed against a Dolev-Yao adversary unless the protocol includes explicit authentication of keys.",false,,NOT_RUN,,HUMAN_VERIFIED,REQUIRES_REVIEW,HUMAN_VERIFIED,2026-09-08,2026-09-08,REQUIRES_MANUAL_VERIFICATION — equation_status REQUIRES_REVIEW because exact equation notation in IEEE TIT 1983 paper needs confirmation from original PDF,"This paper defines the Dolev-Yao attacker model used as the basis for all subsequent formal protocol analysis. The two-message protocol is an illustrative example, not the primary contribution. The paper proves impossibility results for a class of public-key protocols under this model. The foundational importance of this paper for the field justifies its inclusion."
paper_010,A Hierarchy of Authentication Specifications,"Lowe, G.",1997,https://doi.org/10.1109/CSFW.1997.596782,conference_paper,pp. 31-43,REQUIRES_MANUAL_VERIFICATION — NSL used as worked example; confirm pages in proceedings,"N/A — paper defines hierarchy, attacks used as classification examples",Needham-Schroeder-Lowe (NSL) — Hierarchy Application,authentication,NSL analysed under Lowe authentication hierarchy,"[""A"", ""B""]",2,false,"[""Public_Key_Encryption"", ""Nonce""]","Same as NSPK/NSL. Ka, Kb = public keys. Na, Nb = nonces.","A → B : {Na, A}Kb
B → A : {Na, Nb, B}Ka
A → B : {Nb}Kb","[{""step"": 1, ""sender"": ""A"", ""receiver"": ""B"", ""message"": ""{Na, A}Kb"", ""protection"": ""public_key_encryption"", ""key"": ""Kb"", ""payload"": [""Na"", ""A""], ""description"": ""Same as NSL step 1.""}, {""step"": 2, ""sender"": ""B"", ""receiver"": ""A"", ""message"": ""{Na, Nb, B}Ka"", ""protection"": ""public_key_encryption"", ""key"": ""Ka"", ""payload"": [""Na"", ""Nb"", ""B""], ""description"": ""B's identity included — Lowe's fix. Prevents MITM.""}, {""step"": 3, ""sender"": ""A"", ""receiver"": ""B"", ""message"": ""{Nb}Kb"", ""protection"": ""public_key_encryption"", ""key"": ""Kb"", ""payload"": [""Nb""], ""description"": ""A completes.""}]","A → B : {Na, A}Kb","B → A : {Na, Nb, B}Ka",A → B : {Nb}Kb,,,"[{""step"": 1, ""sender"": ""A"", ""receiver"": ""B"", ""message"": ""{Na, A}Kb""}, {""step"": 2, ""sender"": ""B"", ""receiver"": ""A"", ""message"": ""{Na, Nb, B}Ka""}, {""step"": 3, ""sender"": ""A"", ""receiver"": ""B"", ""message"": ""{Nb}Kb""}]",3,Dolev-Yao,N/A — protocol is secure under this hierarchy,"[""intercept"", ""forward"", ""impersonate""]",None,"[""None""]",0,true,[],,[],[],"None. NSL achieves non-injective agreement (Lowe's hierarchy level 3) for both initiator and responder. The hierarchy paper proves: NSL satisfies aliveness, weak agreement, and non-injective agreement. Injective agreement also holds since each nonce is fresh.",false,,NOT_RUN,,HUMAN_VERIFIED,HUMAN_VERIFIED,HUMAN_VERIFIED,2026-09-08,2026-09-08,REQUIRES_MANUAL_VERIFICATION — confirm exact page numbers and NSL equation notation against original IEEE CSFW 1997 proceedings,This paper defines the 4-level authentication hierarchy: Aliveness < Weak Agreement < Non-Injective Agreement < Injective Agreement. NSL achieves all four. The original NSPK (paper_001) fails Non-Injective Agreement at the responder. This paper is primarily a framework contribution; NSL is used as a worked example. Paired with paper_001 (NSPK attack) and paper_001b (NSL secure) for ML training contrast.
